/* 1. Составить общее текстовое описание БД и решаемых ею задач;

		ИНТЕРНЕТ СЕРВИС ПОТОКОВОГО АУДИО 
		Audio Streaming Internet Service
		
	База данных содержит структуру сервиса потокового аудио 
	(по типу Spotify, Яндекс.Музыка, MTC Music) 
	и хранимую в ней информацию  
*/

/* 2. минимальное количество таблиц - 10;

		1. ПОЛЬЗОВАТЕЛИ 	
		2. МУЗЫКАЛЬНЫЙ ЖАНР 		
		3. ИСПОЛНИТЕЛИ			
		4. АЛЬБОМЫ			
		5. КОМПОЗИЦИИ			
		6. ПЛЕЙЛИСТЫ 		
		7. СОДЕРЖИМОЕ ПЛЕЙЛИСТА			
		8. МЕДИАТЕКА		
		9. ЛЮБИМЫЕ ТРЕКИ			
		10. ПОДПИСЧИКИ
*/		
		
/* 3. скрипты создания структуры БД (с первичными ключами, индексами,
внешними ключами);*/

DROP DATABASE IF EXISTS audio;
CREATE DATABASE audio;
USE audio;

-- ПОЛЬЗОВАТЕЛИ
DROP TABLE IF EXISTS users;
CREATE TABLE users (
	id SERIAL PRIMARY KEY,
    firstname VARCHAR(255),
    lastname VARCHAR(255),
    birthday_at DATE,
    email VARCHAR(100) UNIQUE,
    phone BIGINT UNIQUE,
    created_at DATETIME DEFAULT CURRENT_TIMESTAMP
 ) COMMENT = 'Пользователи аудио сервиса';


-- МУЗЫКАЛЬНЫЙ ЖАНР
DROP TABLE IF EXISTS music_genre;
CREATE TABLE music_genre (
	id SERIAL PRIMARY KEY,
    name VARCHAR(255) COMMENT 'Название музыкального жанра'
 );


-- ИСПОЛНИТЕЛИ
DROP TABLE IF EXISTS performers;
CREATE TABLE performers (
	id SERIAL PRIMARY KEY,
    name VARCHAR(255) COMMENT 'Название группы/исполнителя',
    country VARCHAR(255),
    foundation_date YEAR,
    music_genre_id BIGINT UNSIGNED COMMENT 'Ссылка на жанр, в котороми играет группа/исмполнитель',
    
    FOREIGN KEY (music_genre_id) REFERENCES music_genre(id) ON UPDATE CASCADE ON DELETE CASCADE
 );		


-- АЛЬБОМЫ
DROP TABLE IF EXISTS albums;
CREATE TABLE albums (
	id SERIAL PRIMARY KEY,
    name VARCHAR(255) COMMENT 'Название альбома',
    creation_date YEAR,
    music_genre_id BIGINT UNSIGNED COMMENT 'Ссылка на жанр к которому принадлежит альбом',
    performer_id BIGINT UNSIGNED COMMENT 'Ссылка на исполнителя, который записал альбом',
    
    FOREIGN KEY (music_genre_id) REFERENCES music_genre(id) ON UPDATE CASCADE ON DELETE CASCADE,
    FOREIGN KEY (performer_id) REFERENCES performers(id) ON UPDATE CASCADE ON DELETE CASCADE
 );		


-- КОМПОЗИЦИИ
DROP TABLE IF EXISTS music_tracks;
CREATE TABLE music_tracks (
	id SERIAL PRIMARY KEY,
    name VARCHAR(255) COMMENT 'Название композиции/трека',
    music_genre_id BIGINT UNSIGNED COMMENT 'Ссылка на жанр, к которому принадлежит трек',
    performer_id BIGINT UNSIGNED COMMENT 'Ссылка на исполнителя, который записал трек',
    album_id BIGINT UNSIGNED COMMENT 'Ссылка на альбом, в который входит трек',
    
    FOREIGN KEY (music_genre_id) REFERENCES music_genre(id) ON UPDATE CASCADE ON DELETE CASCADE,
    FOREIGN KEY (performer_id) REFERENCES performers(id) ON UPDATE CASCADE ON DELETE CASCADE,
    FOREIGN KEY (album_id) REFERENCES albums(id) ON UPDATE CASCADE ON DELETE CASCADE
 );	


-- ПЛЕЙЛИСТЫ
DROP TABLE IF EXISTS playlists;
CREATE TABLE playlists(
	id SERIAL PRIMARY KEY,
	name VARCHAR(255) COMMENT 'Название плейлиста'
) COMMENT = 'Плейлисты могут наполняться на основе какого либо музыкального жанра, либо исполнителя, либо определённого тематического набора композиций/треков'; 
	

-- СОДЕРЖИМОЕ ПЛЕЙЛИСТА
DROP TABLE IF EXISTS playlist_content;
CREATE TABLE playlist_content(
	id SERIAL PRIMARY KEY,
	playlist_id BIGINT UNSIGNED NOT NULL, 
    music_genre_id BIGINT UNSIGNED,
    performer_id BIGINT UNSIGNED,
  	music_track_id BIGINT UNSIGNED,
  	
  	FOREIGN KEY (playlist_id) REFERENCES playlists(id) ON UPDATE CASCADE ON DELETE CASCADE,
  	FOREIGN KEY (music_genre_id) REFERENCES music_genre(id) ON UPDATE CASCADE ON DELETE CASCADE,
    FOREIGN KEY (performer_id) REFERENCES performers(id) ON UPDATE CASCADE ON DELETE CASCADE,
    FOREIGN KEY (music_track_id) REFERENCES music_tracks(id) ON UPDATE CASCADE ON DELETE CASCADE
);


-- МЕДИАТЕКА 
DROP TABLE IF EXISTS media_library;
CREATE TABLE media_library(
	id SERIAL PRIMARY KEY,
    user_id BIGINT UNSIGNED,
    playlist_id BIGINT UNSIGNED,
    performer_id BIGINT UNSIGNED,
    album_id BIGINT UNSIGNED,
    
    FOREIGN KEY (user_id) REFERENCES users(id) ON UPDATE CASCADE ON DELETE CASCADE,
    FOREIGN KEY (playlist_id) REFERENCES playlists(id) ON UPDATE CASCADE ON DELETE CASCADE,
    FOREIGN KEY (performer_id) REFERENCES performers(id) ON UPDATE CASCADE ON DELETE CASCADE,
    FOREIGN KEY (album_id) REFERENCES albums(id) ON UPDATE CASCADE ON DELETE CASCADE
    
)COMMENT = 'У каждого пользователя есть медиатека, где хранятся его сохранённые/любимые плейлисты, исполнители и альбомы'; 
    
						
-- ЛЮБИМЫЕ ТРЕКИ 
DROP TABLE IF EXISTS favorite_tracks;
CREATE TABLE favorite_tracks (
	id SERIAL PRIMARY KEY,
	user_id BIGINT UNSIGNED,
	music_track_id BIGINT UNSIGNED,
	
	FOREIGN KEY (user_id) REFERENCES users(id) ON UPDATE CASCADE ON DELETE CASCADE,
    FOREIGN KEY (music_track_id) REFERENCES music_tracks(id) ON UPDATE CASCADE ON DELETE CASCADE
    
 )COMMENT = 'У каждого пользователя есть список его любимых сохранённых треков';
			

-- ПОДПИСЧИКИ			
DROP TABLE IF EXISTS followers;
CREATE TABLE followers (
	follower_user_id BIGINT UNSIGNED NOT NULL,
    target_user_id BIGINT UNSIGNED NOT NULL,   
	
    PRIMARY KEY (follower_user_id, target_user_id),
	FOREIGN KEY (follower_user_id) REFERENCES users(id) ON UPDATE CASCADE ON DELETE CASCADE,
    FOREIGN KEY (target_user_id) REFERENCES users(id) ON UPDATE CASCADE ON DELETE CASCADE
)COMMENT = 'Каждый пользователь может подписаться на другого';	 
	 
/*  4. создать ERDiagram для БД;

	В отдельном файле 'Postnikov_ERDiagram.mwb'*/


/*  5. скрипты наполнения БД данными;*/

INSERT INTO `users` (id, firstname, lastname, birthday_at, email, phone, created_at) VALUES (1,'Nadia','Crooks','1987-12-23','ohilll@hotmail.com',9941954829,'2005-01-26 01:34:40'),(2,'Annetta','Runolfsson','1980-02-29','gerlach.ila@hotmail.com',9845154713,'1994-06-06 15:45:44'),(3,'Laney','Witting','1987-06-19','pagac.reinhold@yahoo.com',9209261085,'2018-11-25 10:50:31'),(4,'Stella','Cummerata','1996-03-25','bbogisich@gmail.com',9605864577,'1991-03-04 02:48:33'),(5,'Shea','Runte','2013-12-25','carmella.aufderhar@gmail.com',9915709969,'1998-02-16 22:12:26'),(6,'Raven','Reilly','1978-06-07','rondricka@gmail.com',9721574863,'1972-08-13 11:16:43'),(7,'Lacey','Hermiston','1981-09-13','heidi78@yahoo.com',9122792663,'2012-12-04 13:03:19'),(8,'Sheridan','Hane','1993-10-21','efeil@yahoo.com',9707972937,'2011-03-31 20:16:35'),(9,'Bryce','Hegmann','2004-04-15','mherman@yahoo.com',9124349010,'2001-11-07 17:54:16'),(10,'Ted','Vandervort','1989-07-24','carroll.tracy@hotmail.com',9143601139,'1976-06-01 07:06:23'),(11,'Malachi','Leffler','2007-12-19','edward49@yahoo.com',9171992433,'1973-05-18 01:35:10'),(12,'Shawna','Hills','2001-11-21','daron.stamm@hotmail.com',9363062708,'2019-10-11 18:25:51'),(13,'Gina','Bernhard','2021-04-14','warren.hilll@hotmail.com',9378001332,'2007-06-07 17:45:10'),(14,'Javier','Stoltenberg','1988-02-03','chanel.auer@gmail.com',9368872651,'1970-01-26 22:33:14'),(15,'Gerald','Conroy','1973-07-23','sage72@gmail.com',9939067303,'2020-10-30 05:41:10'),(16,'Victor','Shields','2012-04-27','marcos.parisian@yahoo.com',9612385303,'1980-05-07 14:43:08'),(17,'Lottie','Ward','1992-08-23','marquis96@hotmail.com',9184076363,'1975-11-09 21:21:09'),(18,'Diana','Marvin','1996-08-19','jakubowski.caesar@hotmail.com',9582854939,'2008-10-17 07:13:23'),(19,'Will','Nolan','1973-01-05','batz.hugh@gmail.com',9999773856,'1981-02-05 19:27:56'),(20,'Vincent','Ankunding','1987-12-30','pattie.batz@hotmail.com',9417221188,'1975-04-04 02:47:21'),(21,'Rodrigo','Feeney','1995-01-18','birdie.ritchie@yahoo.com',9787600041,'1975-12-17 19:06:41'),(22,'Julio','Krajcik','2008-12-12','witting.willow@hotmail.com',9853943979,'1979-01-26 12:55:45'),(23,'Sonia','Lebsack','1970-08-26','isidro.weimann@yahoo.com',9131584384,'2005-11-09 11:17:28'),(24,'Lauren','Grimes','1970-09-20','clovis08@yahoo.com',9831911070,'2018-02-16 07:12:09'),(25,'Ettie','Bernier','2017-12-28','psawayn@hotmail.com',9976676868,'1995-12-22 05:59:59'),(26,'Sarina','Moen','1980-09-16','yquitzon@yahoo.com',9930265302,'1996-03-28 17:35:23'),(27,'Terrance','Williamson','2001-10-29','ybecker@hotmail.com',9418170361,'1982-07-09 06:45:10'),(28,'Jennyfer','Schaefer','1994-10-21','koss.naomi@hotmail.com',9862311026,'1999-08-02 21:41:01'),(29,'Brycen','Hackett','1985-03-25','skiles.nakia@hotmail.com',9475522538,'1987-09-28 03:33:02'),(30,'Jesse','Metz','1978-05-12','guiseppe.dickens@hotmail.com',9862313675,'2018-05-13 12:27:02'),(31,'Shannon','Auer','1993-06-27','federico.cruickshank@yahoo.com',9728174647,'2009-02-28 04:07:59'),(32,'Pattie','Becker','1983-04-28','zbayer@yahoo.com',9952472352,'1974-03-29 12:38:05'),(33,'Anais','Schuppe','1995-05-28','vinnie04@yahoo.com',9538191997,'1996-02-17 01:50:27'),(34,'Amiya','Jacobson','2017-10-12','jamey31@hotmail.com',9888273546,'2007-08-23 22:28:14'),(35,'Bennett','Homenick','1992-04-19','ray67@gmail.com',9986209874,'1971-09-22 04:48:29'),(36,'Caterina','Torp','1973-02-08','germaine.schinner@hotmail.com',9775454164,'2013-04-18 01:26:49'),(37,'Mariah','Schuster','2015-12-18','ashton16@yahoo.com',9953993721,'1980-04-22 07:19:15'),(38,'Elisa','Halvorson','2002-01-23','susanna.brakus@hotmail.com',9973118496,'1996-12-27 15:50:02'),(39,'Aida','Walter','1995-03-16','abode@yahoo.com',9299247405,'1997-09-24 17:34:05'),(40,'Adell','McLaughlin','1971-01-02','prosacco.ernesto@hotmail.com',9844711342,'1998-04-09 22:49:18'),(41,'Patsy','Herman','2015-08-09','jacynthe.rutherford@yahoo.com',9445805890,'1990-04-11 01:28:51'),(42,'Elian','Kuphal','2008-05-19','o\'keefe.jonatan@hotmail.com',9364067699,'1980-09-22 17:51:01'),(43,'Shanny','Christiansen','1993-10-02','legros.berneice@gmail.com',9049488911,'1983-02-22 17:28:32'),(44,'Evalyn','Hoppe','1985-06-10','amir84@hotmail.com',9973334033,'1979-02-25 19:01:53'),(45,'Cordie','Kihn','1991-10-21','danielle.schmitt@hotmail.com',9729001650,'1995-12-12 16:26:02'),(46,'Skye','Stracke','1991-09-02','jordon73@gmail.com',9415670909,'1999-12-15 05:40:11'),(47,'Colten','Pfeffer','1998-01-19','qcarter@yahoo.com',9763116586,'1996-11-29 23:05:08'),(48,'Emerson','Koepp','2007-03-28','vrosenbaum@hotmail.com',9180629946,'2014-11-19 07:55:21'),(49,'Adrian','Gorczany','1982-06-15','lily67@gmail.com',9247135335,'1993-03-16 19:47:40'),(50,'Greyson','Langosh','1987-11-27','emard.mervin@yahoo.com',9380805694,'1992-05-28 03:35:40'),(51,'Willie','Conroy','1990-05-05','freichel@gmail.com',9450872159,'1980-04-25 01:24:46'),(52,'Berry','Effertz','1976-02-09','furman.shanahan@yahoo.com',9684714901,'1976-12-07 19:50:50'),(53,'Craig','Marvin','1999-11-16','littel.clement@gmail.com',9281606624,'2007-10-15 12:13:18'),(54,'Dante','Moen','1994-01-31','towne.mathew@gmail.com',9460650581,'1971-10-25 01:29:17'),(55,'Thea','Corkery','1994-05-08','thompson.hulda@yahoo.com',9820399148,'1996-04-19 12:25:16'),(56,'Lessie','Berge','2017-05-13','jwiza@gmail.com',9692097873,'1974-07-25 19:15:27'),(57,'Kieran','Wilderman','2001-09-03','wilderman.esther@yahoo.com',9229945879,'1979-06-05 20:53:29'),(58,'Tony','Williamson','2015-02-02','alycia91@hotmail.com',9974154006,'1997-09-05 04:42:25'),(59,'Waldo','Tromp','1980-09-18','jacky.considine@hotmail.com',9469771548,'2015-11-27 09:39:32'),(60,'Alysha','Gleichner','1986-02-26','ukreiger@hotmail.com',9995078516,'1997-10-26 09:40:34'),(61,'Gracie','Bradtke','1986-09-01','qgusikowski@gmail.com',9391318536,'1984-01-05 07:14:14'),(62,'Edison','Aufderhar','1984-06-04','orn.catherine@gmail.com',9151407430,'1976-11-06 14:02:52'),(63,'Santina','Gorczany','1974-02-09','rodriguez.kristina@yahoo.com',9578440485,'1985-04-23 01:15:21'),(64,'Vida','Collier','2000-01-30','pearlie.hansen@hotmail.com',9224588668,'2001-12-24 15:24:03'),(65,'Freda','Labadie','1990-08-13','witting.gus@hotmail.com',9979799432,'2005-10-30 22:36:48'),(66,'Kirk','Adams','2018-09-25','dgusikowski@yahoo.com',9696169130,'1998-01-14 01:22:50'),(67,'Roger','Fay','1995-04-18','jaylen.kiehn@hotmail.com',9694763419,'1978-10-02 06:47:15'),(68,'Diego','Brown','2006-01-14','linnie.doyle@gmail.com',9671425838,'1986-03-30 16:55:47'),(69,'Lisette','Wolff','2008-01-07','arvel.willms@yahoo.com',9268541454,'1998-03-02 06:14:17'),(70,'Gennaro','O\'Conner','1982-12-09','paxton73@yahoo.com',9069920261,'2017-02-04 01:43:31'),(71,'Xzavier','Bergnaum','1987-08-06','orussel@hotmail.com',9809021536,'1985-01-29 14:57:32'),(72,'Nikki','Eichmann','2012-10-15','vandervort.raphaelle@hotmail.com',9780165634,'2016-10-10 22:20:21'),(73,'Mustafa','Kihn','1998-02-16','goodwin.germaine@hotmail.com',9722417965,'2008-05-21 17:17:06'),(74,'Maximillian','Hessel','1998-07-04','rachel.kohler@hotmail.com',9315360850,'1993-07-11 16:49:44'),(75,'Demetris','Wiegand','1987-08-15','darwin.kozey@yahoo.com',9938174860,'2017-02-23 12:24:38'),(76,'Damaris','Watsica','1982-05-13','adriel97@gmail.com',9203328938,'2005-07-24 21:37:58'),(77,'Gilberto','Marks','2009-10-04','luettgen.larue@yahoo.com',9451861112,'2012-10-01 23:11:40'),(78,'Xzavier','Swaniawski','2010-08-30','nikki43@yahoo.com',9847545709,'1980-12-04 11:01:07'),(79,'Eldora','Wiegand','1980-06-29','altenwerth.judd@gmail.com',9389547056,'2013-04-27 20:30:26'),(80,'Dino','Olson','2012-11-21','xcummings@hotmail.com',9691898635,'1993-05-18 12:16:53'),(81,'Lucius','Carroll','2019-12-28','bhayes@yahoo.com',9143402380,'1987-05-07 10:10:42'),(82,'Trever','Marquardt','1981-04-07','thowell@gmail.com',9700217413,'1978-01-10 07:46:05'),(83,'Sid','McClure','2011-02-12','owilkinson@hotmail.com',9237195597,'1977-05-17 16:57:19'),(84,'Israel','Fisher','1978-07-02','oullrich@hotmail.com',9517376331,'1998-06-24 07:48:10'),(85,'Hallie','Ondricka','1972-02-23','simonis.pietro@gmail.com',9981641896,'1977-02-13 06:35:43'),(86,'Gregoria','Paucek','1985-02-14','tianna73@hotmail.com',9735915200,'1973-03-29 08:31:34'),(87,'Pink','Kemmer','2020-05-24','alanis72@hotmail.com',9563486632,'1993-02-22 05:59:13'),(88,'Devyn','Bartell','2005-03-17','laurel62@gmail.com',9570207897,'2001-12-04 16:12:14'),(89,'Mariam','Nader','2020-06-14','johnson.jacquelyn@gmail.com',9411142234,'1993-10-17 13:17:38'),(90,'Megane','Cronin','1987-04-21','rcruickshank@yahoo.com',9475549480,'1976-01-09 17:34:16'),(91,'Ayla','Haag','2002-03-27','lenora01@yahoo.com',9295590122,'1979-06-19 15:03:15'),(92,'Chaim','Fisher','2000-09-08','valentine.ankunding@yahoo.com',9494815208,'1992-09-16 04:28:15'),(93,'Alvena','Casper','1988-05-02','vena.kohler@yahoo.com',9367857137,'2007-07-26 20:42:23'),(94,'Ona','Heidenreich','1978-06-29','schuster.brant@yahoo.com',9969581664,'1985-01-18 16:47:45'),(95,'Gaylord','Balistreri','1995-05-11','beahan.cordelia@hotmail.com',9268402718,'1996-04-23 08:48:15'),(96,'Bill','Kozey','1993-08-03','virginie.murray@hotmail.com',9615776305,'1988-12-26 13:15:44'),(97,'Rossie','Witting','1989-12-11','chester02@gmail.com',9744933482,'1975-02-23 20:24:31'),(98,'Nannie','Kassulke','2017-05-09','aliza.upton@yahoo.com',9665622573,'1982-02-17 13:07:10'),(99,'Carol','Konopelski','2014-04-19','tremblay.doris@yahoo.com',9137087215,'2010-02-07 22:24:14'),(100,'Willie','Mraz','2021-03-11','marjolaine.hessel@gmail.com',9986378944,'1981-04-29 14:27:07');

INSERT INTO music_genre (name) VALUES 
('Heavy Metal'),
('Black Metal'),
('Thrash Metal'),
('Death Metal'),
('Power Metal'),
('Depressive Suicidal Black Metal'),
('Melodic Death Metal');


INSERT INTO performers (name, country, foundation_date, music_genre_id) VALUES 
('Iron Maiden', 'England', '1975', '1'),
('Black Sabbath', 'England', '1968', '1'),
('Led Zeppelin', 'England', '1968', '1'),
('Deep Purple', 'England', '1968', '1'),
('Judas Priest', 'England', '1969', '1'),
('Mayhem', 'Norway', '1984', '2'),
('Darkthrone', 'Norway', '1986', '2'),
('Burzum', 'Norway', '1991', '2'),
('Immortal', 'Norway', '1991', '2'),
('Gorgoroth', 'Norway', '1992', '2'),
('Metallica', 'United States', '1981', '3'),
('Slayer', 'United States', '1981', '3'),
('Megadeth', 'United States', '1983', '3'),
('Kreator', 'Germany', '1982', '3'),
('Sodom', 'Germany', '1981', '3'),
('Cannibal Corpse', 'United States', '1988', '4'),
('Obituary', 'United States', '1984', '4'),
('Morbid Angel', 'United States', '1983', '4'),
('Death', 'United States', '1984', '4'),
('Possessed', 'United States', '1983', '4'),
('Blind Guardian', 'Germany', '1984', '5'),
('Helloween', 'Germany', '1984', '5'),
('Nightwish', 'Finland', '1996', '5'),
('Rhapsody of Fire', 'Italy', '1993', '5'),
('Sabaton', 'Sweden', '1999', '5'),
('Silencer', 'Sweden', '1995', '6'),
('Shining', 'Sweden', '1996', '6'),
('Xasthur', 'United States', '1995', '6'),
('Lifelover', 'Sweden', '2005', '6'),
('Nocturnal Depression', 'France', '2004', '6'),
('Dark Tranquillity', 'Sweden', '1989', '7'),
('At the Gates', 'Sweden', '1990', '7'),
('Amon Amarth', 'Sweden', '1992', '7'),
('Children of Bodom', 'Finland', '1993', '7'),
('Wintersun', 'Finland', '2004', '7');


INSERT INTO albums (name, creation_date, music_genre_id, performer_id) VALUES 
('The Number of the Beast', '1982', '1', '1'),
('Fear of the Dark', '1992', '1', '1'),
('Paranoid', '1970', '1', '2'),
('Born Again', '1983', '1', '2'),
('British Steel', '1980', '1', '5'),
('Painkiller', '1990', '1', '5'),
('De Mysteriis Dom Sathanas', '1994', '2', '6'),
('Filosofem', '1996', '2', '8'),
('Hvis Lyset Tar Oss', '1994', '2', '8'),
('Diabolical Fullmoon Mysticism', '1992', '2', '9'),
('Kill \'Em All', '1983', '3', '11'),
('Ride the Lightning', '1984', '3', '11'),
('Master of Puppets', '1986', '3', '11'),
('...And Justice for All', '1988', '3', '11'),
('Reign in Blood', '1986', '3', '12'),
('Seasons in the Abyss', '1995', '3', '12'),
('The Wretched Spawn', '2004', '4', '16'),
('Evisceration Plague', '2009', '4', '16'),
('Scream Bloody Gore', '1987', '4', '19'),
('Symbolic', '1995', '4', '19'),
('Follow the Blind', '1989', '5', '21'),
('Nightfall in Middle-Earth', '1987', '5', '21'),
('Wishmaster', '2000', '5', '23'),
('Legendary Tales', '1997', '5', '24'),
('Primo Victoria', '2005', '5', '25'),
('The Art of War', '2008', '5', '25'),
('Carolus Rex', '2012', '5', '25'),
('Death - Pierce Me', '2001', '6', '26'),
('To Violate the Oblivious', '2004', '6', '28'),
('Subliminal Genocide', '2006', '6', '28'),
('Defective Epitaph', '2007', '6', '28'),
('Sjukdom', '2012', '6', '29'),
('We Are the Void', '2010', '7', '31'),
('Fiction', '2007', '7', '31'),
('Construct', '2013', '7', '31'),
('With Oden on Our Side', '2006', '7', '33'),
('Deceiver of the Gods', '2013', '7', '33');


INSERT INTO music_tracks (name, music_genre_id, performer_id, album_id) VALUES 
('Invaders', '1', '1', '1'),
('Children of the Damned', '1', '1', '1'),
('The Prisoner', '1', '1', '1'),
('22 Acacia Avenue', '1', '1', '1'),
('The Number of the Beast', '1', '1', '1'),
('Run to the Hills', '1', '1', '1'),
('Gangland', '1', '1', '1'),
('Hallowed Be Thy Name', '1', '1', '1'),
('Paranoid', '1', '2', '3'),
('Planet Caravan', '1', '2', '3'),
('Iron Man', '1', '2', '3'),
('Electric Funeral', '1', '2', '3'),
('Hand of Doom', '1', '2', '3'),
('Rat Salad', '1', '2', '3'),
('War Pigs', '1', '2', '3'),
('Fairies Wear Boots', '1', '2', '3'),
('Painkiller', '1', '5', '6'),
('Hell Patrol', '1', '5', '6'),
('All Guns Blazing', '1', '5', '6'),
('Leather Rebel', '1', '5', '6'),
('Metal Meltdown', '1', '5', '6'),
('Night Crawler', '1', '5', '6'),
('Between the Hammer & the Anvil', '1', '5', '6'),
('A Touch of Evil', '1', '5', '6'),
('Battle Hymn', '1', '5', '6'),
('One Shot at Glory', '1', '5', '6'),
('Funeral Fog', '2', '6', '7'),
('Freezing Moon', '2', '6', '7'),
('Cursed in Eternity', '2', '6', '7'),
('Pagan Fears', '2', '6', '7'),
('Life Eternal', '2', '6', '7'),
('From the Dark Past', '2', '6', '7'),
('Buried by Time and Dust', '2', '6', '7'),
('De Mysteriis Dom Sathanas', '2', '6', '7'),
('Battery', '3', '11', '13'),
('Master of Puppets', '3', '11', '13'),
('The Thing That Should Not Be', '3', '11', '13'),
('Welcome Home (Sanitarium)', '3', '11', '13'),
('Disposable Heroes', '3', '11', '13'),
('Leper Messiah', '3', '11', '13'),
('Orion', '3', '11', '13'),
('Damage, Inc.', '3', '11', '13'),
('Priests of Sodom', '4', '16', '18'),
('Scalding Hail', '4', '16', '18'),
('To Decompose', '4', '16', '18'),
('A Cauldron of Hate', '4', '16', '18'),
('Beheading and Burning', '4', '16', '18'),
('Evidence in the Furnace', '4', '16', '18'),
('Carnivorous Swarm', '4', '16', '18'),
('Evisceration Plague', '4', '16', '18'),
('Shatter Their Bones', '4', '16', '18'),
('Carrion Sculpted Entity', '4', '16', '18'),
('Unnatural', '4', '16', '18'),
('Skewered from Ear to Eye', '4', '16', '18'),
('Primo Victoria', '5', '25', '25'),
('Reign of Terror', '5', '25', '25'),
('Panzer Battalion', '5', '25', '25'),
('Wolfpack', '5', '25', '25'),
('Counterstrike', '5', '25', '25'),
('Stalingrad', '5', '25', '25'),
('Into the Fire', '5', '25', '25'),
('Purple Heart', '5', '25', '25'),
('Metal Machine', '5', '25', '25'),
('Svart galla', '6', '29', '32'),
('Led by misfortune', '6', '29', '32'),
('Expandera', '6', '29', '32'),
('Homicidal tendencies', '6', '29', '32'),
('Resignation', '6', '29', '32'),
('Doften av tomhet', '6', '29', '32'),
('Totus anctus', '6', '29', '32'),
('Horans hora', '6', '29', '32'),
('Bitterljuv kakofoni', '6', '29', '32'),
('Becksvart frustration', '6', '29', '32'),
('Nedvaknande', '6', '29', '32'),
('Instrumental asylum', '6', '29', '32'),
('Utdrag', '6', '29', '32'),
('Karma', '6', '29', '32'),
('Shadow in Our Blood', '7', '31', '33'),
('Dream Oblivion', '7', '31', '33'),
('The Fatalist', '7', '31', '33'),
('In My Absence', '7', '31', '33'),
('The Grandest Accusation', '7', '31', '33'),
('At the Point of Ignition', '7', '31', '33'),
('Her Silent Language', '7', '31', '33'),
('Arkhangelsk', '7', '31', '33'),
('I Am the Void', '7', '31', '33'),
('Surface the Infinite', '7', '31', '33'),
('Iridium', '7', '31', '33');


INSERT INTO playlists (name) VALUES 
('This is Iron Maiden'),
('Swedish Melodic Death Metal Tracks'),
('Black Metal 1990s'),
('The Best of Metallica'),
('Cannibal Corpse Greatest Hits'),
('DSBM from Scandinavia'),
('Sabaton\'s Battle Themes');


INSERT INTO playlist_content (playlist_id, music_genre_id, performer_id, music_track_id) VALUES 
('1', '1', '1', '2'),
('1', '1', '1', '3'),
('1', '1', '1', '5'),
('1', '1', '1', '8'),
('2', '7', '31', '5'),
('2', '7', '31', '80'),
('2', '7', '31', '81'),
('2', '7', '31', '85'),
('2', '7', '31', '86'),
('3', '2', '6', '28'),
('3', '2', '6', '30'),
('3', '2', '6', '32'),
('3', '2', '6', '34'),
('4', '3', '11', '36'),
('4', '3', '11', '37'),
('4', '3', '11', '39'),
('4', '3', '11', '40'),
('5', '4', '16', '43'),
('5', '4', '16', '45'),
('5', '4', '16', '47'),
('5', '4', '16', '49'),
('6', '6', '29', '64'),
('6', '6', '29', '66'),
('6', '6', '29', '68'),
('6', '6', '29', '70'),
('7', '5', '25', '55'),
('7', '5', '25', '57'),
('7', '5', '25', '59'),
('7', '5', '25', '61');



INSERT INTO `media_library` VALUES (1,65,6,15,13),(2,53,4,12,6),(3,49,7,14,4),(4,19,NULL,5,9),(5,38,NULL,33,3),(6,59,NULL,32,9),(7,28,7,21,15),(8,37,5,6,13),(9,38,7,8,1),(10,27,6,8,24),(11,88,1,30,10),(12,1,6,18,5),(13,15,3,22,15),(14,6,2,3,16),(15,86,6,5,15),(16,25,6,26,4),(17,54,7,5,27),(18,15,3,24,36),(19,63,4,20,28),(20,72,7,13,10),(21,70,5,22,35),(22,30,4,6,16),(23,49,6,13,6),(24,22,3,3,25),(25,62,2,20,12),(26,56,6,18,33),(27,40,1,31,23),(28,73,6,4,35),(29,40,5,27,16),(30,64,4,34,20),(31,68,4,7,15),(32,72,7,33,24),(33,79,3,31,28),(34,20,4,4,22),(35,12,3,16,17),(36,77,1,28,15),(37,94,4,10,29),(38,26,5,35,5),(39,18,1,16,19),(40,88,3,33,3),(41,19,6,35,33),(42,23,2,3,5),(43,17,3,4,31),(44,53,1,35,14),(45,58,7,5,23),(46,79,4,22,30),(47,9,6,26,19),(48,66,7,24,35),(49,37,6,28,32),(50,14,3,31,24),(51,92,6,1,6),(52,63,7,32,26),(53,12,6,20,11),(54,59,5,32,22),(55,57,7,12,16),(56,79,7,33,6),(57,99,7,24,26),(58,57,1,35,36),(59,77,5,13,11),(60,92,1,1,36),(61,34,1,16,8),(62,50,2,34,28),(63,71,6,6,24),(64,53,2,29,17),(65,14,2,3,31),(66,27,1,10,22),(67,79,2,13,29),(68,8,3,31,12),(69,63,5,8,4),(70,95,6,22,29),(71,78,4,13,24),(72,77,6,6,4),(73,67,3,13,30),(74,94,3,31,32),(75,89,5,26,21),(76,60,4,25,18),(77,78,5,25,34),(78,84,2,16,4),(79,31,1,16,33),(80,78,5,2,18),(81,41,2,9,33),(82,19,3,14,11),(83,57,7,33,17),(84,30,5,15,18),(85,87,1,30,27),(86,2,5,35,28),(87,83,6,33,19),(88,19,7,35,33),(89,23,3,8,20),(90,25,4,9,14),(91,10,5,5,7),(92,78,7,22,37),(93,41,2,9,20),(94,18,2,31,30),(95,70,5,15,17),(96,86,4,31,15),(97,26,6,8,14),(98,13,6,9,3),(99,60,5,14,16),(100,76,7,9,14),(101,21,5,29,24),(102,63,6,12,34),(103,78,2,17,32),(104,14,6,15,27),(105,68,7,12,32),(106,26,1,9,6),(107,25,6,2,28),(108,15,3,13,25),(109,34,6,16,18),(110,88,4,26,28),(111,63,7,33,22),(112,41,7,1,6),(113,7,3,23,36),(114,74,6,18,10),(115,42,6,19,37),(116,47,6,12,30),(117,100,2,22,14),(118,74,5,9,30),(119,72,1,31,8),(120,53,6,28,1),(121,55,3,30,21),(122,69,5,22,25),(123,11,3,32,3),(124,97,1,25,6),(125,87,4,11,13),(126,71,1,31,24),(127,53,4,18,25),(128,50,6,29,10),(129,26,4,18,15),(130,13,2,11,19),(131,52,4,14,23),(132,20,5,10,23),(133,9,4,3,12),(134,78,4,1,34),(135,50,4,11,23),(136,19,2,24,5),(137,11,2,21,30),(138,93,1,18,6),(139,98,2,17,14),(140,100,4,2,10),(141,64,5,4,15),(142,63,2,11,32),(143,31,4,29,28),(144,64,2,2,29),(145,27,4,9,1),(146,81,7,14,28),(147,26,2,31,31),(148,48,7,14,30),(149,84,7,24,34),(150,61,1,19,36),(151,75,5,30,13),(152,82,5,22,15),(153,28,4,20,21),(154,86,6,25,7),(155,47,4,29,14),(156,78,3,8,26),(157,14,7,21,7),(158,53,7,26,23),(159,17,1,13,12),(160,52,7,3,32),(161,40,4,30,5),(162,15,4,7,5),(163,60,1,5,5),(164,70,2,33,14),(165,75,5,1,10),(166,73,7,24,27),(167,41,6,2,33),(168,72,6,16,1),(169,29,2,14,8),(170,46,6,25,22),(171,54,1,6,14),(172,59,5,22,27),(173,16,2,23,8),(174,19,5,28,28),(175,77,7,13,29),(176,53,4,3,26),(177,22,6,14,15),(178,80,3,32,15),(179,75,3,28,30),(180,76,7,18,28),(181,8,3,15,37),(182,57,1,5,33),(183,56,3,13,25),(184,43,2,33,29),(185,41,5,18,2),(186,60,5,2,20),(187,4,2,31,35),(188,73,7,22,1),(189,24,5,7,16),(190,41,4,35,11),(191,23,1,15,14),(192,51,6,8,14),(193,21,7,7,24),(194,17,7,3,36),(195,58,4,21,6),(196,59,6,16,17),(197,13,7,18,24),(198,35,5,6,18),(199,93,6,2,33),(200,10,5,3,33),(201,47,4,32,18),(202,29,2,8,2),(203,47,2,22,8),(204,92,7,33,9),(205,84,5,13,5),(206,17,3,7,15),(207,29,2,21,15),(208,54,7,19,25),(209,70,5,18,31),(210,87,7,14,32),(211,70,7,35,22),(212,59,4,18,29),(213,87,3,4,21),(214,15,5,8,23),(215,18,4,24,4),(216,56,7,7,1),(217,25,2,8,35),(218,39,6,24,26),(219,99,1,17,34),(220,59,6,31,27),(221,64,2,3,30),(222,60,3,1,37),(223,55,6,16,29),(224,47,6,2,22),(225,68,1,16,13),(226,18,1,17,17),(227,78,2,5,21),(228,95,3,24,13),(229,92,4,29,28),(230,35,7,9,28),(231,87,4,9,29),(232,60,6,21,19),(233,74,1,13,34),(234,22,4,15,20),(235,5,4,29,36),(236,64,3,33,5),(237,58,3,6,15),(238,61,5,7,28),(239,62,5,9,12),(240,61,3,32,17),(241,39,5,24,21),(242,82,2,30,9),(243,84,2,2,26),(244,50,5,30,26),(245,60,1,1,16),(246,12,5,28,4),(247,91,2,20,25),(248,31,3,8,25),(249,65,1,15,6),(250,17,3,17,14),(251,96,5,9,11),(252,8,4,24,19),(253,14,3,22,3),(254,20,1,19,37),(255,15,2,20,4),(256,81,4,34,3),(257,9,7,12,4),(258,65,1,29,20),(259,84,6,25,31),(260,52,5,28,25),(261,87,5,8,3),(262,60,6,15,2),(263,60,3,27,13),(264,57,4,17,29),(265,35,5,15,15),(266,76,6,14,25),(267,65,3,9,37),(268,66,3,7,16),(269,11,7,8,24),(270,78,1,16,1),(271,100,4,9,26),(272,29,7,2,21),(273,3,2,31,35),(274,80,5,3,7),(275,94,7,28,28),(276,10,1,23,26),(277,74,5,1,16),(278,84,1,9,12),(279,7,4,35,16),(280,26,2,16,20),(281,100,3,27,2),(282,97,6,29,2),(283,77,3,35,12),(284,60,1,21,4),(285,24,4,18,23),(286,49,1,2,11),(287,70,2,13,2),(288,91,7,8,6),(289,24,1,14,11),(290,85,2,31,34),(291,43,1,23,20),(292,71,5,30,12),(293,29,4,10,36),(294,44,7,14,33),(295,65,3,1,8),(296,75,1,30,26),(297,1,1,34,11),(298,53,4,9,34),(299,87,2,20,16),(300,36,3,9,29),(301,67,7,23,7),(302,47,7,21,34),(303,46,2,31,15),(304,36,5,7,27),(305,4,6,27,19),(306,83,7,28,3),(307,75,5,6,24),(308,68,7,19,15),(309,81,4,28,7),(310,96,2,11,11),(311,46,3,35,6),(312,57,2,23,21),(313,8,4,32,25),(314,26,5,24,30),(315,68,3,26,10),(316,99,5,6,8),(317,73,7,25,15),(318,64,5,31,29),(319,51,2,14,32),(320,10,7,13,18),(321,35,7,23,22),(322,98,1,30,16),(323,47,1,26,25),(324,73,1,5,32),(325,6,2,12,5),(326,86,7,4,30),(327,1,1,15,23),(328,36,3,35,8),(329,2,2,24,4),(330,87,1,33,27),(331,96,1,4,3),(332,87,5,21,25),(333,30,6,2,20),(334,54,4,27,34),(335,47,5,3,30),(336,59,7,4,8),(337,31,3,35,2),(338,73,4,35,24),(339,18,7,29,18),(340,55,1,21,5),(341,39,1,21,8),(342,18,7,31,23),(343,6,4,22,23),(344,39,6,22,36),(345,1,3,3,24),(346,27,4,19,22),(347,94,2,9,29),(348,45,2,33,16),(349,49,2,9,19),(350,28,6,18,13),(351,94,7,31,28),(352,68,1,1,34),(353,68,4,18,29),(354,3,6,35,13),(355,6,2,21,32),(356,71,1,22,19),(357,4,1,31,3),(358,28,2,34,10),(359,49,5,4,37),(360,25,4,20,26),(361,15,4,8,34),(362,2,6,14,15),(363,1,3,16,25),(364,16,7,21,18),(365,12,4,19,22),(366,6,3,14,3),(367,7,6,19,17),(368,11,2,24,24),(369,72,4,9,33),(370,100,3,16,18),(371,47,3,10,34),(372,33,5,6,25),(373,80,4,34,1),(374,30,5,18,33),(375,77,7,33,22),(376,21,5,8,14),(377,98,1,29,36),(378,19,4,20,27),(379,37,6,6,17),(380,26,1,14,34),(381,78,1,18,37),(382,19,5,3,29),(383,72,7,2,21),(384,99,2,1,16),(385,85,4,31,5),(386,83,5,22,26),(387,20,1,3,3),(388,16,2,24,16),(389,50,5,32,6),(390,48,7,14,14),(391,2,1,30,9),(392,23,6,11,15),(393,98,7,22,17),(394,61,3,9,37),(395,99,4,10,35),(396,25,2,12,20),(397,87,6,2,13),(398,65,4,13,19),(399,69,7,18,9),(400,54,1,16,9),(401,82,3,29,34),(402,6,3,19,8),(403,70,1,13,31),(404,96,4,13,17),(405,41,7,18,33),(406,96,7,10,7),(407,15,4,6,32),(408,44,3,19,26),(409,13,4,31,14),(410,39,1,28,6),(411,62,3,12,26),(412,12,4,18,13),(413,13,2,29,21),(414,91,4,20,32),(415,75,1,16,3),(416,96,2,33,1),(417,52,3,25,16),(418,17,7,23,7),(419,37,7,9,37),(420,98,6,32,25),(421,43,1,20,12),(422,49,2,26,37),(423,10,7,28,5),(424,71,7,32,17),(425,77,2,31,26),(426,50,1,29,36),(427,95,7,12,10),(428,78,1,9,37),(429,81,7,11,22),(430,93,4,33,30),(431,52,5,11,19),(432,24,7,10,10),(433,100,2,32,27),(434,30,1,11,19),(435,13,3,13,19),(436,90,5,21,36),(437,2,1,1,4),(438,59,3,2,9),(439,50,4,22,23),(440,14,4,15,34),(441,54,5,11,16),(442,58,6,33,10),(443,47,3,8,4),(444,27,5,13,22),(445,65,4,16,37),(446,92,2,5,8),(447,2,7,25,20),(448,74,6,7,27),(449,56,6,15,7),(450,76,4,4,22),(451,66,2,34,12),(452,41,1,14,11),(453,15,1,34,5),(454,29,2,29,35),(455,65,4,5,18),(456,22,1,11,29),(457,8,6,6,23),(458,11,2,12,20),(459,51,5,13,33),(460,79,4,20,26),(461,16,6,15,26),(462,43,7,34,36),(463,65,3,10,16),(464,23,7,30,11),(465,19,2,21,21),(466,9,1,8,33),(467,86,5,27,29),(468,19,6,31,24),(469,83,7,6,24),(470,80,2,19,6),(471,82,5,6,8),(472,30,6,21,28),(473,8,3,7,10),(474,97,4,12,28),(475,21,2,26,6),(476,23,2,21,13),(477,93,4,1,20),(478,72,6,7,24),(479,89,4,13,9),(480,58,2,5,13),(481,78,4,6,14),(482,38,3,32,8),(483,57,3,3,8),(484,69,4,30,20),(485,80,4,10,23),(486,66,2,6,15),(487,53,4,33,32),(488,75,7,27,16),(489,19,3,28,37),(490,1,2,23,23),(491,91,4,35,2),(492,46,4,12,6),(493,5,7,33,13),(494,26,3,33,5),(495,52,4,14,6),(496,45,4,18,4),(497,94,4,20,29),(498,53,2,8,9),(499,98,5,33,10),(500,99,4,24,29),(501,53,2,7,32),(502,42,6,17,7),(503,52,3,31,13),(504,27,5,13,6),(505,52,5,16,12),(506,90,6,23,35),(507,43,7,11,35),(508,36,5,35,15),(509,59,3,1,3),(510,88,3,35,15),(511,11,2,28,5),(512,20,1,22,11),(513,73,5,6,14),(514,27,1,33,16),(515,29,5,18,11),(516,7,1,28,29),(517,77,3,12,31),(518,7,7,11,8),(519,16,6,4,37),(520,70,6,34,2),(521,12,2,27,34),(522,72,3,17,14),(523,69,3,25,14),(524,33,4,12,20),(525,45,5,27,31),(526,86,6,15,19),(527,46,4,6,30),(528,32,4,2,1),(529,80,2,11,29),(530,20,4,31,30),(531,30,7,20,35),(532,43,3,12,7),(533,25,4,22,11),(534,7,3,28,13),(535,25,3,26,3),(536,33,7,28,22),(537,50,3,30,35),(538,66,6,31,33),(539,31,7,2,14),(540,2,3,29,35),(541,61,1,6,2),(542,3,1,20,25),(543,71,2,24,16),(544,35,7,18,37),(545,73,3,17,3),(546,96,2,1,15),(547,29,4,12,16),(548,81,2,35,26),(549,23,2,10,5),(550,67,6,25,3),(551,58,3,14,22),(552,93,5,22,20),(553,17,4,21,31),(554,47,7,2,4),(555,12,6,4,12),(556,68,3,26,10),(557,76,1,22,4),(558,69,6,8,35),(559,34,1,6,36),(560,85,4,24,33),(561,99,2,26,8),(562,73,6,19,15),(563,27,2,22,5),(564,73,3,10,19),(565,100,7,4,20),(566,44,1,14,17),(567,3,1,16,34),(568,50,1,21,3),(569,46,3,34,22),(570,14,3,1,2),(571,74,5,25,16),(572,51,5,34,3),(573,79,3,1,31),(574,55,5,33,34),(575,81,4,7,4),(576,17,7,35,1),(577,54,6,6,24),(578,51,2,5,18),(579,90,2,5,37),(580,39,5,5,7),(581,97,1,12,24),(582,31,5,23,18),(583,15,7,20,6),(584,57,2,18,24),(585,89,5,29,8),(586,69,4,2,20),(587,20,1,30,28),(588,81,6,21,28),(589,13,5,20,35),(590,34,7,25,28),(591,39,2,13,18),(592,82,2,18,37),(593,88,4,32,22),(594,48,3,22,31),(595,57,1,32,21),(596,63,1,12,21),(597,56,2,8,23),(598,79,4,19,2),(599,75,6,15,34),(600,88,7,33,31),(601,4,6,26,28),(602,79,3,28,37),(603,53,1,25,8),(604,100,2,12,35),(605,37,2,4,27),(606,51,2,8,15),(607,26,7,32,14),(608,92,2,16,1),(609,48,5,18,8),(610,93,2,31,28),(611,19,6,31,1),(612,54,1,1,7),(613,27,3,13,5),(614,69,4,19,12),(615,81,6,18,26),(616,40,1,35,19),(617,82,7,32,18),(618,49,2,12,13),(619,56,1,33,7),(620,2,3,35,31),(621,7,3,23,25),(622,57,5,19,18),(623,29,2,15,36),(624,57,2,27,1),(625,61,7,20,13),(626,85,7,28,32),(627,9,3,8,10),(628,57,3,35,10),(629,35,2,17,25),(630,74,5,14,16),(631,77,5,4,33),(632,94,3,4,9),(633,48,7,16,8),(634,36,3,16,37),(635,35,7,1,18),(636,47,7,19,2),(637,91,4,3,19),(638,26,4,34,3),(639,83,6,23,23),(640,91,2,17,10),(641,47,5,19,37),(642,93,7,26,21),(643,64,4,35,21),(644,46,4,9,11),(645,39,3,22,8),(646,99,1,30,28),(647,50,6,19,19),(648,87,4,12,15),(649,89,3,10,7),(650,95,7,8,17),(651,29,2,5,5),(652,55,1,25,26),(653,7,4,28,12),(654,40,5,12,17),(655,72,7,18,37),(656,21,4,7,16),(657,23,2,14,1),(658,46,7,3,20),(659,68,6,28,4),(660,4,6,28,10),(661,26,2,21,16),(662,56,6,6,28),(663,87,6,31,26),(664,89,5,34,5),(665,91,4,16,22),(666,2,2,12,37),(667,64,5,8,28),(668,31,7,24,4),(669,75,2,3,22),(670,40,1,14,12),(671,44,2,35,9),(672,89,7,28,30),(673,84,3,25,21),(674,27,2,6,25),(675,85,5,6,35),(676,19,3,10,30),(677,10,2,18,22),(678,100,5,22,35),(679,8,1,15,21),(680,44,6,35,15),(681,98,7,8,19),(682,13,6,12,13),(683,60,7,35,14),(684,68,3,24,37),(685,9,6,22,20),(686,53,1,8,24),(687,73,2,33,18),(688,32,1,10,18),(689,52,1,20,13),(690,26,2,24,8),(691,95,5,2,35),(692,17,5,15,21),(693,73,1,14,12),(694,8,7,7,26),(695,61,5,15,18),(696,51,1,3,6),(697,27,3,2,9),(698,96,7,10,20),(699,86,6,30,35),(700,42,4,2,32),(701,69,6,11,14),(702,5,5,11,1),(703,21,6,22,27),(704,65,4,10,36),(705,95,3,7,30),(706,32,4,35,29),(707,49,4,8,29),(708,71,6,27,3),(709,73,3,22,32),(710,43,1,3,17),(711,76,5,19,31),(712,46,2,34,8),(713,40,6,11,26),(714,69,7,23,27),(715,9,7,32,19),(716,64,1,27,22),(717,23,4,13,14),(718,27,1,3,24),(719,29,1,19,14),(720,69,1,10,32),(721,14,4,34,31),(722,81,1,34,5),(723,56,2,25,37),(724,87,2,31,25),(725,30,2,35,10),(726,62,2,24,5),(727,3,4,34,32),(728,31,7,3,18),(729,53,3,23,13),(730,83,1,11,5),(731,32,4,28,23),(732,5,1,24,31),(733,94,6,35,3),(734,27,5,14,13),(735,100,5,24,5),(736,70,3,6,31),(737,15,7,15,14),(738,12,2,22,19),(739,64,5,12,29),(740,68,6,10,34),(741,40,6,33,36),(742,68,1,6,2),(743,40,6,17,21),(744,48,3,6,18),(745,63,6,21,17),(746,26,4,15,18),(747,13,3,20,37),(748,89,1,22,18),(749,38,1,25,28),(750,94,2,8,28),(751,44,2,11,8),(752,60,7,35,17),(753,58,6,29,4),(754,1,7,35,18),(755,28,6,20,37),(756,16,7,11,25),(757,2,5,9,31),(758,89,2,19,5),(759,22,7,34,37),(760,28,5,10,34),(761,6,7,9,17),(762,41,5,6,33),(763,44,2,31,18),(764,82,4,29,12),(765,69,5,1,29),(766,30,5,31,9),(767,10,6,23,27),(768,88,7,22,16),(769,83,1,19,9),(770,91,4,20,30),(771,58,5,2,10),(772,42,1,26,18),(773,76,5,2,20),(774,98,2,17,3),(775,9,2,26,3),(776,79,3,15,32),(777,80,7,4,19),(778,77,3,32,7),(779,84,1,16,32),(780,53,7,19,20),(781,99,2,3,10),(782,86,6,18,27),(783,33,4,4,35),(784,2,5,16,29),(785,52,4,28,9),(786,25,5,24,3),(787,81,7,31,6),(788,23,6,24,22),(789,84,3,7,34),(790,21,5,34,18),(791,47,6,17,25),(792,29,1,2,6),(793,90,4,35,27),(794,14,4,20,24),(795,37,6,7,20),(796,45,2,30,25),(797,69,1,31,25),(798,59,2,14,8),(799,26,3,32,27),(800,19,2,33,17),(801,87,3,11,27),(802,82,1,32,20),(803,42,2,5,16),(804,93,6,21,19),(805,37,5,5,3),(806,3,1,4,36),(807,42,6,13,37),(808,79,3,5,32),(809,12,2,9,14),(810,2,5,22,36),(811,33,5,10,33),(812,13,1,33,16),(813,30,4,6,14),(814,41,1,16,32),(815,31,6,18,32),(816,27,1,20,9),(817,23,2,35,25),(818,52,1,18,9),(819,78,5,12,36),(820,81,4,2,24),(821,25,1,33,3),(822,67,6,20,33),(823,99,5,9,18),(824,43,1,24,37),(825,1,2,25,1),(826,34,7,31,2),(827,48,3,20,10),(828,79,7,26,29),(829,79,5,2,19),(830,69,7,28,12),(831,78,2,12,25),(832,8,1,3,34),(833,17,2,18,23),(834,86,5,18,21),(835,41,2,21,32),(836,18,5,21,8),(837,41,3,21,9),(838,49,7,21,13),(839,92,4,17,24),(840,26,6,15,28),(841,13,2,33,37),(842,83,5,33,1),(843,57,1,16,18),(844,77,2,7,29),(845,63,1,10,6),(846,85,7,16,17),(847,39,3,5,9),(848,59,6,19,33),(849,59,1,15,10),(850,4,1,13,7),(851,53,1,26,19),(852,45,4,29,13),(853,3,6,4,19),(854,100,5,16,24),(855,38,1,23,26),(856,76,7,29,35),(857,15,4,9,11),(858,99,2,27,4),(859,54,2,15,13),(860,11,6,22,13),(861,79,6,31,22),(862,69,2,23,13),(863,99,3,24,23),(864,57,7,31,20),(865,15,5,3,12),(866,68,6,6,36),(867,15,6,1,14),(868,91,6,10,6),(869,25,7,31,35),(870,9,5,9,18),(871,90,7,1,12),(872,56,2,14,32),(873,50,6,27,4),(874,74,4,24,31),(875,56,7,22,28),(876,24,2,27,36),(877,57,1,18,33),(878,15,6,8,29),(879,94,5,16,14),(880,39,4,10,31),(881,7,5,35,1),(882,96,4,21,17),(883,58,4,2,1),(884,83,3,27,32),(885,4,1,20,5),(886,11,3,24,28),(887,8,2,27,15),(888,19,3,30,2),(889,39,7,35,27),(890,60,7,2,7),(891,26,2,21,22),(892,98,1,28,28),(893,27,2,18,18),(894,4,5,28,22),(895,69,4,16,10),(896,31,7,26,21),(897,29,1,19,34),(898,51,7,19,34),(899,19,2,27,20),(900,69,1,24,5),(901,27,7,7,12),(902,3,3,26,15),(903,80,5,20,24),(904,46,7,26,16),(905,75,4,31,10),(906,30,5,24,6),(907,35,1,23,17),(908,42,4,16,20),(909,3,4,16,34),(910,52,4,10,14),(911,89,7,10,14),(912,90,3,28,14),(913,1,7,14,20),(914,54,3,9,3),(915,50,4,33,9),(916,98,7,9,27),(917,46,1,30,1),(918,64,5,17,29),(919,29,6,26,4),(920,74,1,1,1),(921,12,6,30,12),(922,35,5,25,22),(923,93,2,31,12),(924,7,2,19,37),(925,81,2,1,15),(926,50,7,31,4),(927,37,5,28,12),(928,6,1,6,18),(929,11,2,20,28),(930,36,1,13,7),(931,68,2,19,33),(932,44,5,26,5),(933,22,2,20,31),(934,11,7,16,7),(935,51,4,34,33),(936,17,7,1,5),(937,29,2,28,7),(938,16,4,14,17),(939,96,1,7,35),(940,40,1,20,18),(941,77,5,3,28),(942,84,5,7,27),(943,76,4,8,27),(944,15,1,12,17),(945,44,1,8,6),(946,42,1,4,7),(947,37,3,29,36),(948,74,4,27,21),(949,53,7,18,34),(950,34,7,10,37),(951,49,7,19,35),(952,83,6,6,6),(953,36,7,6,18),(954,9,4,21,9),(955,88,6,33,37),(956,38,7,22,33),(957,85,5,9,1),(958,3,6,35,6),(959,23,1,26,10),(960,44,3,9,19),(961,2,7,35,5),(962,1,7,31,13),(963,90,1,1,14),(964,48,3,21,13),(965,63,6,11,34),(966,94,7,29,9),(967,97,5,3,37),(968,3,4,28,18),(969,82,2,13,13),(970,55,1,35,17),(971,36,2,1,30),(972,84,2,26,35),(973,90,3,15,15),(974,86,5,17,20),(975,37,3,15,34),(976,16,3,16,13),(977,31,5,26,7),(978,30,5,11,3),(979,47,4,9,33),(980,86,2,1,33),(981,35,1,14,20),(982,79,3,32,18),(983,87,6,29,15),(984,18,6,17,35),(985,47,7,19,24),(986,55,5,5,25),(987,80,1,24,3),(988,32,4,27,33),(989,56,1,35,32),(990,45,5,21,18),(991,6,6,14,25),(992,80,6,26,27),(993,44,1,33,1),(994,36,4,6,15),(995,2,7,6,31),(996,6,3,18,32),(997,21,4,16,13),(998,16,1,9,4),(999,29,4,34,21),(1000,40,3,33,32);

INSERT INTO `favorite_tracks` VALUES (1,29,13),(2,90,85),(3,22,21),(4,19,4),(5,32,81),(6,90,85),(7,78,6),(8,29,83),(9,62,44),(10,46,60),(11,26,76),(12,97,46),(13,97,12),(14,60,72),(15,13,51),(16,73,18),(17,27,85),(18,3,6),(19,13,84),(20,4,74),(21,16,40),(22,80,37),(23,53,71),(24,5,32),(25,58,84),(26,65,37),(27,87,7),(28,71,39),(29,21,73),(30,60,10),(31,57,23),(32,1,67),(33,67,11),(34,80,55),(35,36,37),(36,40,37),(37,38,31),(38,82,53),(39,46,35),(40,95,68),(41,51,65),(42,53,49),(43,9,22),(44,35,53),(45,96,11),(46,93,24),(47,17,56),(48,68,34),(49,4,60),(50,67,78),(51,12,9),(52,11,80),(53,43,43),(54,81,57),(55,29,15),(56,3,16),(57,69,62),(58,31,18),(59,80,67),(60,68,51),(61,23,49),(62,22,70),(63,56,20),(64,24,2),(65,47,55),(66,87,16),(67,83,44),(68,94,71),(69,9,67),(70,55,70),(71,91,1),(72,22,68),(73,41,9),(74,15,43),(75,74,35),(76,2,61),(77,86,83),(78,88,37),(79,5,11),(80,41,17),(81,74,10),(82,86,39),(83,36,26),(84,90,67),(85,1,86),(86,7,22),(87,52,21),(88,20,9),(89,24,77),(90,2,60),(91,48,2),(92,17,59),(93,87,20),(94,36,75),(95,93,24),(96,58,7),(97,97,84),(98,50,33),(99,1,28),(100,11,5),(101,53,49),(102,9,67),(103,94,20),(104,14,8),(105,61,63),(106,16,42),(107,89,15),(108,17,39),(109,59,27),(110,69,56),(111,100,22),(112,55,68),(113,49,65),(114,76,54),(115,26,38),(116,42,47),(117,6,30),(118,17,70),(119,50,68),(120,48,45),(121,44,82),(122,44,12),(123,80,65),(124,98,76),(125,85,79),(126,48,19),(127,45,12),(128,81,84),(129,87,40),(130,22,33),(131,46,25),(132,45,5),(133,40,31),(134,97,20),(135,56,73),(136,87,7),(137,97,46),(138,22,62),(139,18,9),(140,17,42),(141,65,78),(142,27,83),(143,11,51),(144,19,51),(145,37,61),(146,98,64),(147,58,23),(148,35,3),(149,85,56),(150,43,24),(151,15,54),(152,47,9),(153,77,37),(154,44,42),(155,83,57),(156,22,12),(157,36,42),(158,48,4),(159,32,81),(160,69,61),(161,8,39),(162,22,14),(163,99,4),(164,6,79),(165,1,42),(166,87,62),(167,33,68),(168,9,80),(169,22,80),(170,37,6),(171,24,72),(172,70,70),(173,61,73),(174,27,24),(175,57,45),(176,79,35),(177,70,36),(178,66,5),(179,40,24),(180,72,9),(181,37,12),(182,83,54),(183,92,59),(184,90,10),(185,19,33),(186,79,71),(187,8,28),(188,86,24),(189,13,1),(190,67,81),(191,2,1),(192,41,87),(193,57,61),(194,85,18),(195,32,41),(196,37,47),(197,45,3),(198,26,15),(199,11,84),(200,29,50),(201,2,39),(202,80,59),(203,78,62),(204,45,87),(205,76,24),(206,2,48),(207,75,38),(208,10,47),(209,21,61),(210,21,35),(211,24,53),(212,37,81),(213,75,51),(214,57,53),(215,60,34),(216,29,14),(217,12,78),(218,63,84),(219,66,46),(220,26,27),(221,28,28),(222,59,9),(223,29,69),(224,66,68),(225,77,15),(226,73,52),(227,70,3),(228,57,43),(229,54,11),(230,15,22),(231,67,85),(232,28,39),(233,89,26),(234,47,80),(235,10,56),(236,8,23),(237,42,25),(238,33,15),(239,21,56),(240,32,83),(241,22,60),(242,97,78),(243,51,20),(244,97,62),(245,57,75),(246,83,51),(247,29,87),(248,16,11),(249,4,50),(250,83,15),(251,62,12),(252,84,81),(253,90,43),(254,93,85),(255,88,33),(256,96,5),(257,73,7),(258,43,54),(259,72,31),(260,54,51),(261,33,37),(262,89,83),(263,35,79),(264,22,28),(265,76,40),(266,27,87),(267,50,42),(268,3,10),(269,3,20),(270,10,80),(271,39,4),(272,7,62),(273,42,68),(274,88,6),(275,69,72),(276,89,38),(277,32,23),(278,95,46),(279,13,32),(280,71,46),(281,11,51),(282,34,1),(283,57,82),(284,90,30),(285,86,55),(286,75,75),(287,89,72),(288,37,72),(289,79,38),(290,50,48),(291,80,28),(292,64,83),(293,89,56),(294,82,56),(295,52,53),(296,47,80),(297,19,58),(298,14,71),(299,46,50),(300,20,6),(301,74,87),(302,67,50),(303,57,74),(304,77,29),(305,51,40),(306,37,26),(307,90,55),(308,40,25),(309,35,46),(310,51,69),(311,53,24),(312,94,78),(313,39,66),(314,38,18),(315,4,50),(316,7,52),(317,72,44),(318,20,10),(319,46,11),(320,9,6),(321,48,34),(322,58,5),(323,58,78),(324,25,47),(325,22,22),(326,93,4),(327,75,80),(328,33,39),(329,21,83),(330,23,15),(331,86,22),(332,98,44),(333,73,13),(334,45,27),(335,20,42),(336,57,2),(337,97,20),(338,66,7),(339,68,11),(340,85,79),(341,51,59),(342,6,67),(343,43,78),(344,86,64),(345,17,61),(346,15,21),(347,23,65),(348,40,63),(349,69,29),(350,73,65),(351,53,81),(352,3,32),(353,51,21),(354,58,23),(355,36,11),(356,70,16),(357,100,11),(358,89,28),(359,67,82),(360,15,78),(361,6,19),(362,100,51),(363,4,27),(364,82,75),(365,57,33),(366,60,87),(367,63,37),(368,91,18),(369,50,39),(370,82,36),(371,33,42),(372,19,42),(373,19,85),(374,19,1),(375,78,33),(376,41,24),(377,41,53),(378,21,23),(379,38,41),(380,43,15),(381,63,72),(382,88,2),(383,38,85),(384,72,13),(385,94,62),(386,5,43),(387,96,2),(388,42,15),(389,95,3),(390,11,26),(391,74,33),(392,46,5),(393,14,63),(394,65,81),(395,73,64),(396,94,84),(397,7,73),(398,9,53),(399,21,46),(400,97,48),(401,23,36),(402,73,47),(403,35,85),(404,90,34),(405,51,15),(406,57,35),(407,2,5),(408,11,10),(409,71,51),(410,99,7),(411,17,68),(412,30,14),(413,70,60),(414,92,23),(415,82,15),(416,34,15),(417,92,35),(418,73,61),(419,14,63),(420,75,50),(421,54,52),(422,61,21),(423,70,3),(424,9,82),(425,22,61),(426,4,63),(427,25,42),(428,32,57),(429,27,10),(430,74,77),(431,81,35),(432,46,59),(433,10,13),(434,48,15),(435,26,3),(436,90,72),(437,94,48),(438,44,59),(439,17,74),(440,63,16),(441,75,62),(442,52,9),(443,41,77),(444,76,42),(445,77,75),(446,82,35),(447,46,19),(448,44,23),(449,69,40),(450,63,29),(451,96,35),(452,1,52),(453,76,16),(454,15,83),(455,94,39),(456,3,22),(457,58,59),(458,84,83),(459,10,72),(460,99,60),(461,85,67),(462,51,68),(463,87,3),(464,65,73),(465,28,62),(466,14,37),(467,14,51),(468,40,59),(469,100,23),(470,3,14),(471,84,12),(472,19,39),(473,4,42),(474,90,87),(475,7,18),(476,30,31),(477,97,17),(478,10,11),(479,26,87),(480,74,23),(481,72,79),(482,51,10),(483,54,37),(484,72,20),(485,41,5),(486,13,80),(487,96,52),(488,70,18),(489,41,49),(490,25,19),(491,92,38),(492,9,13),(493,37,57),(494,76,62),(495,32,76),(496,70,45),(497,24,12),(498,14,86),(499,85,54),(500,60,23),(501,43,50),(502,85,16),(503,92,33),(504,80,7),(505,11,85),(506,95,77),(507,18,36),(508,56,47),(509,12,74),(510,48,44),(511,10,11),(512,60,43),(513,59,88),(514,1,48),(515,36,8),(516,52,79),(517,89,37),(518,43,45),(519,8,20),(520,38,54),(521,100,79),(522,52,1),(523,78,61),(524,74,40),(525,46,32),(526,99,78),(527,96,43),(528,38,50),(529,75,40),(530,87,8),(531,27,83),(532,68,44),(533,30,40),(534,33,63),(535,45,32),(536,99,10),(537,37,27),(538,82,16),(539,56,77),(540,58,51),(541,38,55),(542,71,80),(543,35,8),(544,44,87),(545,15,17),(546,15,83),(547,10,17),(548,82,24),(549,53,62),(550,90,71),(551,31,77),(552,59,34),(553,42,54),(554,90,20),(555,47,86),(556,45,66),(557,38,78),(558,98,15),(559,41,68),(560,28,20),(561,48,16),(562,38,50),(563,25,70),(564,25,74),(565,40,78),(566,96,80),(567,20,9),(568,41,30),(569,6,28),(570,45,61),(571,73,51),(572,12,88),(573,17,50),(574,66,66),(575,82,72),(576,89,32),(577,41,15),(578,7,76),(579,84,83),(580,64,84),(581,88,29),(582,4,17),(583,24,8),(584,49,17),(585,19,77),(586,57,14),(587,77,35),(588,3,43),(589,56,43),(590,82,67),(591,26,24),(592,76,61),(593,3,64),(594,9,19),(595,97,68),(596,99,72),(597,65,86),(598,67,9),(599,96,83),(600,2,49),(601,1,37),(602,85,84),(603,96,54),(604,51,26),(605,48,48),(606,11,43),(607,97,88),(608,64,32),(609,80,28),(610,22,68),(611,48,28),(612,29,28),(613,40,80),(614,57,54),(615,79,3),(616,99,5),(617,81,15),(618,52,49),(619,59,3),(620,31,25),(621,92,28),(622,28,34),(623,9,12),(624,99,45),(625,82,58),(626,42,82),(627,34,31),(628,77,68),(629,38,58),(630,32,49),(631,95,42),(632,32,85),(633,7,64),(634,4,62),(635,35,72),(636,77,18),(637,24,32),(638,22,53),(639,95,84),(640,24,52),(641,96,9),(642,88,50),(643,37,7),(644,83,11),(645,48,10),(646,57,78),(647,76,1),(648,74,88),(649,89,78),(650,7,22),(651,94,6),(652,81,80),(653,17,67),(654,23,88),(655,5,57),(656,90,11),(657,81,8),(658,72,29),(659,3,25),(660,56,46),(661,94,70),(662,60,22),(663,44,4),(664,61,35),(665,79,35),(666,66,16),(667,26,30),(668,6,15),(669,65,45),(670,70,37),(671,86,56),(672,21,18),(673,82,47),(674,66,6),(675,61,86),(676,91,19),(677,93,10),(678,48,38),(679,37,75),(680,16,25),(681,40,63),(682,19,30),(683,16,66),(684,18,23),(685,87,6),(686,40,76),(687,54,18),(688,87,41),(689,94,51),(690,36,87),(691,11,46),(692,16,17),(693,52,11),(694,59,41),(695,27,9),(696,96,19),(697,56,24),(698,89,35),(699,74,10),(700,64,60),(701,18,45),(702,75,61),(703,46,64),(704,18,25),(705,93,28),(706,25,63),(707,36,84),(708,30,19),(709,45,13),(710,8,44),(711,29,35),(712,71,19),(713,84,49),(714,51,74),(715,13,13),(716,50,25),(717,78,14),(718,93,29),(719,30,45),(720,58,68),(721,33,75),(722,78,85),(723,64,11),(724,64,60),(725,70,72),(726,53,9),(727,24,60),(728,30,73),(729,21,82),(730,13,4),(731,85,14),(732,15,15),(733,2,49),(734,98,4),(735,38,40),(736,25,86),(737,8,3),(738,29,15),(739,54,22),(740,59,5),(741,14,80),(742,60,11),(743,12,82),(744,12,57),(745,67,84),(746,29,33),(747,15,30),(748,46,45),(749,86,75),(750,15,69),(751,15,69),(752,77,53),(753,20,5),(754,84,7),(755,9,28),(756,72,45),(757,45,4),(758,34,12),(759,13,35),(760,57,86),(761,14,16),(762,84,10),(763,6,36),(764,65,31),(765,73,50),(766,41,9),(767,43,49),(768,47,19),(769,24,45),(770,45,81),(771,71,37),(772,85,71),(773,99,19),(774,30,77),(775,32,5),(776,90,66),(777,20,23),(778,93,80),(779,66,64),(780,88,84),(781,33,78),(782,9,16),(783,34,8),(784,80,77),(785,59,86),(786,95,82),(787,85,21),(788,32,16),(789,68,58),(790,53,54),(791,25,41),(792,77,64),(793,81,12),(794,71,37),(795,97,85),(796,10,34),(797,91,24),(798,63,32),(799,9,83),(800,24,59),(801,41,14),(802,2,82),(803,32,49),(804,36,67),(805,77,46),(806,6,36),(807,42,37),(808,14,2),(809,3,55),(810,81,79),(811,65,33),(812,100,53),(813,48,35),(814,30,8),(815,14,66),(816,94,78),(817,34,56),(818,14,7),(819,79,35),(820,45,24),(821,23,67),(822,5,70),(823,80,80),(824,14,19),(825,43,13),(826,47,32),(827,59,19),(828,82,13),(829,56,31),(830,9,1),(831,39,21),(832,46,35),(833,75,43),(834,21,42),(835,25,74),(836,83,85),(837,79,35),(838,7,5),(839,23,28),(840,96,78),(841,91,45),(842,39,52),(843,23,69),(844,97,86),(845,35,47),(846,66,14),(847,41,16),(848,2,9),(849,69,11),(850,92,73),(851,6,18),(852,13,55),(853,94,43),(854,10,37),(855,94,87),(856,53,31),(857,73,1),(858,66,74),(859,99,60),(860,51,41),(861,19,44),(862,7,70),(863,99,82),(864,58,22),(865,9,2),(866,33,39),(867,100,11),(868,59,24),(869,63,50),(870,27,39),(871,76,7),(872,3,78),(873,20,3),(874,54,37),(875,35,37),(876,97,11),(877,20,7),(878,89,38),(879,72,87),(880,58,23),(881,10,61),(882,94,34),(883,49,40),(884,72,58),(885,75,1),(886,38,9),(887,74,19),(888,74,61),(889,83,87),(890,84,13),(891,11,27),(892,43,16),(893,24,86),(894,15,69),(895,100,86),(896,44,42),(897,6,12),(898,15,25),(899,39,13),(900,21,53),(901,80,52),(902,5,27),(903,51,21),(904,60,75),(905,36,40),(906,56,58),(907,43,44),(908,93,6),(909,56,1),(910,26,68),(911,47,71),(912,11,71),(913,60,36),(914,2,88),(915,97,76),(916,85,33),(917,71,42),(918,56,7),(919,15,23),(920,88,59),(921,2,13),(922,90,79),(923,8,9),(924,94,21),(925,60,17),(926,90,59),(927,97,72),(928,71,24),(929,64,65),(930,4,80),(931,57,35),(932,33,44),(933,70,68),(934,70,7),(935,75,52),(936,10,78),(937,96,63),(938,62,42),(939,74,71),(940,33,22),(941,53,29),(942,18,26),(943,41,88),(944,8,82),(945,92,17),(946,68,26),(947,4,53),(948,49,52),(949,24,42),(950,25,44),(951,40,32),(952,77,79),(953,77,75),(954,21,8),(955,55,82),(956,83,25),(957,93,35),(958,96,17),(959,35,16),(960,16,83),(961,11,10),(962,43,8),(963,45,62),(964,99,56),(965,83,30),(966,85,5),(967,14,10),(968,58,15),(969,54,66),(970,64,17),(971,21,5),(972,73,32),(973,53,21),(974,32,46),(975,74,68),(976,36,23),(977,18,34),(978,61,10),(979,44,27),(980,76,2),(981,19,71),(982,42,25),(983,78,72),(984,31,32),(985,62,77),(986,14,48),(987,46,43),(988,91,70),(989,13,60),(990,50,44),(991,87,10),(992,23,83),(993,100,13),(994,56,24),(995,53,70),(996,81,81),(997,12,75),(998,42,76),(999,39,25),(1000,95,26);

INSERT INTO `followers` VALUES (40,84),(32,3),(47,13),(86,75),(50,2),(62,18),(14,78),(26,63),(39,96),(98,44),(78,93),(35,89),(33,11),(30,32),(97,15),(34,47),(43,84),(3,48),(28,58),(41,10),(79,50),(62,82),(22,76),(15,62),(73,47),(3,14),(84,42),(45,18),(93,28),(100,87),(89,53),(23,13),(97,83),(63,14),(70,71),(88,21),(27,64),(31,48),(52,34),(78,91),(5,11),(22,58),(72,78),(90,29),(83,8),(6,97),(52,14),(26,34),(29,53),(34,64),(35,45),(75,93),(24,25),(89,16),(11,30),(25,8),(31,27),(38,73),(46,30),(49,73),(11,32),(25,29),(57,67),(70,13),(37,56),(94,46),(90,70),(37,45),(11,59),(98,88),(79,42),(14,98),(13,18),(8,39),(39,75),(79,21),(12,33),(51,76),(37,84),(39,65),(37,36),(77,68),(94,97),(71,24),(96,36),(29,82),(35,95),(48,63),(45,53),(80,52),(81,39),(51,91),(51,9),(73,91),(56,50),(53,91),(10,84),(11,48),(50,1),(47,26);
			

/*  6. скрипты характерных выборок (включающие группировки, JOIN'ы, вложенные таблицы);*/

-- Выборка 1: Вывести все альбомы в алфавитном порядке, их жанр, исполнителя и год записи

SELECT 
	a.name AS 'Название альбома',
	mg.name AS 'Музыкальный жанр',
	p.name AS 'Исполнитель',
	a.creation_date AS 'Дата выпуска'
FROM albums a
JOIN music_genre mg ON a.music_genre_id = mg.id
JOIN performers p ON a.performer_id = p.id
GROUP BY a.name
ORDER BY a.name;


-- Выборка 2: Вывести все альбомы, их жанр, группу и год записи. Только с помощью вложенных запросов и начиная с самого раннего альбома.

SELECT 
	a.name AS 'Название альбома',
	(SELECT name FROM music_genre mg WHERE mg.id = a.music_genre_id) AS 'Музыкальный жанр',
	(SELECT name FROM performers p WHERE p.id = a.performer_id) AS 'Исполнитель',
	a.creation_date AS 'Дата выпуска'
FROM albums a
GROUP BY a.name
ORDER BY a.creation_date;


-- Выборка 3: Выведем содержимое медиатеки для пользователя с id = 1

SELECT  
	CONCAT(u.firstname, ' ', u.lastname) AS 'Полльзователь',	
	pl.name AS 'Плейлисты',
	p.name AS 'Исполнители',
	a.name AS 'Альбомы'
FROM media_library ml 
JOIN users u ON ml.user_id = u.id 
LEFT JOIN playlists pl ON ml.playlist_id = pl.id 
LEFT JOIN performers p ON ml.performer_id = p.id 
LEFT JOIN albums a ON ml.album_id = a.id 
WHERE ml.user_id = 1;
	

-- Выборка 4: Узнать из какой страны больше всего исполнителей

SELECT 
	COUNT(*) AS 'Количество исполнителей',
	p.country
FROM performers p
GROUP BY p.country
ORDER BY COUNT(*) DESC;


-- Выборка 5: Вывести все песни одного альбома

SELECT 
	a.name AS 'Название альбома',
	mt.name AS 'Название песни'
FROM albums a
JOIN music_tracks mt ON mt.album_id = a.id
WHERE a.name = 'Master of Puppets';


-- Выборка 6: Вывести группы, которые образовались между 1980-м и 1990-м годами 

SELECT 
	p.name,
	p.foundation_date 
FROM performers p 
WHERE p.foundation_date BETWEEN '1980' AND '1990'
ORDER BY p.foundation_date;


/*  7. представления (минимум 2);*/

-- Представление 1: Все композиции и соответствующие страны, в которых они были написаны

CREATE OR REPLACE VIEW country_of_track AS
SELECT 
	mt.name,
	p.country
FROM music_tracks mt
JOIN performers p ON mt.performer_id = p.id;

-- Выведем первые 10 песен в алфовитном порядке, используя представление 'country_of_track'

SELECT * FROM country_of_track
ORDER BY mt.name
LIMIT 10;


-- Представление 2: Все пользователи и количество сохранённых элементов у них в медиатеках,
-- начиная с пользователя с самым большим количеством элементов

CREATE OR REPLACE VIEW count_of_media AS
SELECT 
	u.firstname,
	((COUNT(ml.performer_id)) + (COUNT(ml.playlist_id)) + (COUNT(ml.album_id))) AS cnt
FROM media_library ml
LEFT JOIN users u ON ml.user_id = u.id
GROUP BY u.id
ORDER BY cnt DESC;

SELECT * FROM count_of_media;


/*  8. хранимые процедуры / триггеры;*/

-- Процедура добавления нового плейлиста

DROP PROCEDURE IF EXISTS add_playlist;
DELIMITER //
CREATE PROCEDURE add_playlist(IN name_of_playlist TEXT)
BEGIN 
	INSERT INTO playlists (name)
	VALUES (name_of_playlist);
END//
DELIMITER ;

CALL add_playlist('Nordic & Viking Music');
SELECT name FROM playlists;


-- Функция, советующая слушать определённый плейлист, в зависимости от времени суток

DROP FUNCTION IF EXISTS advice;

DELIMITER //
CREATE FUNCTION advice ()
RETURNS VARCHAR(255) DETERMINISTIC
BEGIN 
	IF CURRENT_TIME() BETWEEN '06:00:00' AND '12:00:00'
		THEN RETURN 'Рекомендуем послушать плейлист \"Sabaton\'s Battle Themes\"';
	ELSEIF CURRENT_TIME() BETWEEN '12:00:00' AND '18:00:00'
		THEN RETURN 'Рекомендуем послушать плейлист \"Cannibal Corpse Greatest Hits\"';
	ELSEIF CURRENT_TIME() BETWEEN '18:00:00' AND '23:59:59'
		THEN RETURN 'Рекомендуем послушать плейлист \"Swedish Melodic Death Metal Tracks\"';
	ELSEIF CURRENT_TIME() BETWEEN '00:00:00' AND '06:00:00'
		THEN RETURN 'Рекомендуем послушать плейлист \"DSBM from Scandinavia\"';
	END IF;
END//
DELIMITER ;

SELECT advice();


-- Триггер 1: если при добавлении нового альбома, альбом с таким названием уже существует, выйдет ошибка

DELIMITER //
DROP TRIGGER IF EXISTS check_album//
CREATE TRIGGER check_album 
BEFORE INSERT 
ON albums FOR EACH ROW
BEGIN
    IF NEW.name IN (SELECT name FROM albums) THEN
        SIGNAL SQLSTATE '45000' SET MESSAGE_TEXT = 'Добавление невозможно! Такой альбом уже существует!';
    END IF;
END//
DELIMITER ;

INSERT INTO albums (name)
VALUES ('Nightfall in Middle-Earth');


-- Триггер 2: после добавления нового пользователя, сохраняет в переменную @total_users количество всех пользователей

DELIMITER //
DROP TRIGGER IF EXISTS show_users_count//
CREATE TRIGGER show_users_count 
AFTER INSERT 
ON users FOR EACH ROW
BEGIN
    SELECT COUNT(*) INTO @total_users FROM users;
END//
DELIMITER ;

INSERT INTO users (firstname, lastname, birthday_at, email, phone)
VALUES ('Victor', 'Ivanov', '1990-05-08', 'ivanovVS@yandex.ru', '9654321852');

SELECT @total_users;




